{
  "project_info": {
    "project_number": "169758517756",
    "project_id": "sign-language-app-c7896",
    "storage_bucket": "sign-language-app-c7896.appspot.com"
  },
  "client": [
    {
      "client_info": {
        "mobilesdk_app_id": "1:169758517756:android:475b5fb212d22a7008ea79",
        "android_client_info": {
          "package_name": "com.example.signlanguage"
        }
      },
      "oauth_client": [],
      "api_key": [
        {
          "current_key": "AIzaSyDgCU9YpmGljcgIXHlMJrxPU9m9-D9f-BA"
        }
      ],
      "services": {
        "appinvite_service": {
          "other_platform_oauth_client": []
        }
      }
    }
  ],
  "configuration_version": "1"
}